{"cols": ["max.abs", "min.abs", "median.abs", "mean.abs", "var.abs"], "DUT": [1.361445516628717e-08, 4.1055496779107116e-16, 1.2134443142962918e-10, 2.6242874692282573e-10, 5.011829002891987e-19], "ECSSD": [1.042251699442942e-08, 3.3377164225645034e-16, 9.70269614828604e-11, 2.0545547252739938e-10, 2.431196977463671e-19], "HKU_IS": [7.802549285472908e-09, 2.803958437511489e-16, 7.387040507812591e-11, 1.5716057780838163e-10, 1.5865816550176398e-19], "MSRA1000": [1.1216102496741653e-08, 2.772146537062385e-16, 7.760887759267892e-11, 1.8963673951511232e-10, 3.2440718447752147e-19], "SOD": [1.2210569124149195e-08, 4.785268030570673e-16, 1.2435666555393512e-10, 2.5593214843129077e-10, 3.3194039476082876e-19]}